Datetime,Water Level (m)
2025-09-12 00:00:00,-3.3304988e-07
2025-09-12 01:00:00,-3.8739526e-07
2025-09-12 02:00:00,-4.6671647e-07
2025-09-12 03:00:00,-5.571985e-07
2025-09-12 04:00:00,-6.602787e-07
2025-09-12 05:00:00,-7.56294e-07
2025-09-12 06:00:00,2.4596159e-06
2025-09-12 07:00:00,0.14499235
2025-09-12 08:00:00,0.14339423
2025-09-12 09:00:00,0.14149974
2025-09-12 10:00:00,0.1377735
2025-09-12 11:00:00,0.1413696
2025-09-12 12:00:00,0.15430398
2025-09-12 13:00:00,0.15864241
2025-09-12 14:00:00,0.17481086
2025-09-12 15:00:00,0.18694359
2025-09-12 16:00:00,0.19654284
2025-09-12 17:00:00,0.20512432
2025-09-12 18:00:00,0.2134077
2025-09-12 19:00:00,0.22012126
2025-09-12 20:00:00,0.22296922
2025-09-12 21:00:00,0.22246513
2025-09-12 22:00:00,0.22078767
2025-09-12 23:00:00,0.22274786
2025-09-13 00:00:00,0.22309795
2025-09-13 01:00:00,0.23250313
2025-09-13 02:00:00,0.24829033
2025-09-13 03:00:00,0.26663318
2025-09-13 04:00:00,0.2849392
2025-09-13 05:00:00,0.30248818
2025-09-13 06:00:00,0.3189396
2025-09-13 07:00:00,0.33373392
2025-09-13 08:00:00,0.3467771
2025-09-13 09:00:00,0.35879496
2025-09-13 10:00:00,0.3696015
2025-09-13 11:00:00,0.38169354
2025-09-13 12:00:00,0.39786074
2025-09-13 13:00:00,0.41790202
2025-09-13 14:00:00,0.44004926
2025-09-13 15:00:00,0.4634451
2025-09-13 16:00:00,0.48678008
2025-09-13 17:00:00,0.51444936
2025-09-13 18:00:00,0.54198503
2025-09-13 19:00:00,0.5632092
2025-09-13 20:00:00,0.58066297
2025-09-13 21:00:00,0.5954666
2025-09-13 22:00:00,0.6086976
2025-09-13 23:00:00,0.622353
2025-09-14 00:00:00,0.63848156
2025-09-14 01:00:00,0.6629927
2025-09-14 02:00:00,0.6988679
2025-09-14 03:00:00,0.73882604
2025-09-14 04:00:00,0.7789665
2025-09-14 05:00:00,0.8173631
2025-09-14 06:00:00,0.8549774
2025-09-14 07:00:00,0.91083807
2025-09-14 08:00:00,0.9633615
2025-09-14 09:00:00,1.0088977
2025-09-14 10:00:00,1.0489808
2025-09-14 11:00:00,1.085543
2025-09-14 12:00:00,1.1217655
2025-09-14 13:00:00,1.1590196
2025-09-14 14:00:00,1.1967624
2025-09-14 15:00:00,1.2349854
2025-09-14 16:00:00,1.2724328
2025-09-14 17:00:00,1.3076907
2025-09-14 18:00:00,1.3408291
2025-09-14 19:00:00,1.3716744
2025-09-14 20:00:00,1.400385
2025-09-14 21:00:00,1.4268706
2025-09-14 22:00:00,1.451587
2025-09-14 23:00:00,1.4751769
2025-09-15 00:00:00,1.4986846
2025-09-15 01:00:00,1.5234249
2025-09-15 02:00:00,1.5507948
2025-09-15 03:00:00,1.5813231
2025-09-15 04:00:00,1.6126436
2025-09-15 05:00:00,1.644096
2025-09-15 06:00:00,1.6743894
2025-09-15 07:00:00,1.7023432
2025-09-15 08:00:00,1.7286522
2025-09-15 09:00:00,1.7531214
2025-09-15 10:00:00,1.7748855
2025-09-15 11:00:00,1.795145
2025-09-15 12:00:00,1.814206
2025-09-15 13:00:00,1.8328131
2025-09-15 14:00:00,1.852087
2025-09-15 15:00:00,1.8726159
2025-09-15 16:00:00,1.8939927
2025-09-15 17:00:00,1.9158417
2025-09-15 18:00:00,1.937215
2025-09-15 19:00:00,1.9577157
2025-09-15 20:00:00,1.9773582
2025-09-15 21:00:00,1.9956574
2025-09-15 22:00:00,2.0169144
2025-09-15 23:00:00,2.0523608
2025-09-16 00:00:00,2.0795176
2025-09-16 01:00:00,2.1168332
2025-09-16 02:00:00,2.148918
2025-09-16 03:00:00,2.17783
2025-09-16 04:00:00,2.2057557
2025-09-16 05:00:00,2.2328753
2025-09-16 06:00:00,2.2584276
2025-09-16 07:00:00,2.2829063
2025-09-16 08:00:00,2.3058715
2025-09-16 09:00:00,2.3271365
2025-09-16 10:00:00,2.346803
2025-09-16 11:00:00,2.3645158
2025-09-16 12:00:00,2.3801885
2025-09-16 13:00:00,2.394355
2025-09-16 14:00:00,2.4072871
2025-09-16 15:00:00,2.4197776
2025-09-16 16:00:00,2.4327018
2025-09-16 17:00:00,2.4464862
2025-09-16 18:00:00,2.4610121
2025-09-16 19:00:00,2.4757059
2025-09-16 20:00:00,2.4900317
2025-09-16 21:00:00,2.503397
2025-09-16 22:00:00,2.5158315
2025-09-16 23:00:00,2.5272005
2025-09-17 00:00:00,2.537355
2025-09-17 01:00:00,2.5465536
2025-09-17 02:00:00,2.5550933
2025-09-17 03:00:00,2.5635026
2025-09-17 04:00:00,2.5728428
2025-09-17 05:00:00,2.5841649
2025-09-17 06:00:00,2.597458
2025-09-17 07:00:00,2.6115892
2025-09-17 08:00:00,2.626069
2025-09-17 09:00:00,2.6390038
2025-09-17 10:00:00,2.650833
2025-09-17 11:00:00,2.6617603
2025-09-17 12:00:00,2.6720471
2025-09-17 13:00:00,2.681295
2025-09-17 14:00:00,2.6892264
2025-09-17 15:00:00,2.69612
2025-09-17 16:00:00,2.7025385
2025-09-17 17:00:00,2.709192
2025-09-17 18:00:00,2.7168388
2025-09-17 19:00:00,2.7261295
2025-09-17 20:00:00,2.7339184
2025-09-17 21:00:00,2.6596947
2025-09-17 22:00:00,2.6463478
2025-09-17 23:00:00,2.641356
2025-09-18 00:00:00,2.634604
